,1,2,3,4,5,6,7,8,9,10,11,12,13,14,15,16
1,3.0,,,,,,,,,,,,,,,
2,5.0,,,,,,,,,,,,,,,
3,731.0,,,,,,,,,,,,,,,
4,7.0,,,,,,,,,,,,,,,
5,1196.0,,,,,,,,,,,,,,,
6,13.0,,,,,,,,,,,,,,,
7,15.0,,,,,,,,,,,,,,,
8,16.0,,,,,,,,,,,,,,,
9,18.0,,,,,,,,,,,,,,,
10,20.0,,,,,,,,,,,,,,,
11,21.0,,,,,,,,,,,,,,,
12,22.0,,,,,,,,,,,,,,,
13,24.0,,,,,,,,,,,,,,,
14,27.0,,,,,,,,,,,,,,,
15,29.0,,,,,,,,,,,,,,,
16,30.0,,,,,,,,,,,,,,,
17,31.0,,,,,,,,,,,,,,,
18,33.0,,,,,,,,,,,,,,,
19,34.0,,,,,,,,,,,,,,,
20,809.0,,,,,,,,,,,,,,,
21,37.0,,,,,,,,,,,,,,,
22,38.0,,,,,,,,,,,,,,,
23,43.0,,,,,,,,,,,,,,,
24,45.0,,,,,,,,,,,,,,,
25,48.0,,,,,,,,,,,,,,,
26,52.0,,,,,,,,,,,,,,,
27,56.0,,,,,,,,,,,,,,,
28,57.0,,,,,,,,,,,,,,,
29,58.0,,,,,,,,,,,,,,,
30,61.0,,,,,,,,,,,,,,,
31,62.0,,,,,,,,,,,,,,,
32,65.0,,,,,,,,,,,,,,,
33,67.0,,,,,,,,,,,,,,,
34,68.0,,,,,,,,,,,,,,,
35,71.0,,,,,,,,,,,,,,,
36,73.0,,,,,,,,,,,,,,,
37,75.0,,,,,,,,,,,,,,,
38,76.0,,,,,,,,,,,,,,,
39,77.0,,,,,,,,,,,,,,,
40,78.0,,,,,,,,,,,,,,,
41,80.0,,,,,,,,,,,,,,,
42,81.0,,,,,,,,,,,,,,,
43,82.0,,,,,,,,,,,,,,,
44,83.0,,,,,,,,,,,,,,,
45,85.0,,,,,,,,,,,,,,,
46,88.0,,,,,,,,,,,,,,,
47,90.0,,,,,,,,,,,,,,,
48,91.0,,,,,,,,,,,,,,,
49,92.0,,,,,,,,,,,,,,,
50,95.0,,,,,,,,,,,,,,,
51,96.0,,,,,,,,,,,,,,,
52,97.0,,,,,,,,,,,,,,,
53,101.0,,,,,,,,,,,,,,,
54,106.0,,,,,,,,,,,,,,,
55,107.0,,,,,,,,,,,,,,,
56,108.0,,,,,,,,,,,,,,,
57,109.0,,,,,,,,,,,,,,,
58,111.0,,,,,,,,,,,,,,,
59,113.0,,,,,,,,,,,,,,,
60,116.0,,,,,,,,,,,,,,,
61,117.0,,,,,,,,,,,,,,,
62,122.0,,,,,,,,,,,,,,,
63,959.0,,,,,,,,,,,,,,,
64,124.0,,,,,,,,,,,,,,,
65,512.0,,,,,,,,,,,,,,,
66,127.0,,,,,,,,,,,,,,,
67,128.0,,,,,,,,,,,,,,,
68,130.0,,,,,,,,,,,,,,,
69,131.0,,,,,,,,,,,,,,,
70,132.0,,,,,,,,,,,,,,,
71,135.0,,,,,,,,,,,,,,,
72,136.0,,,,,,,,,,,,,,,
73,137.0,,,,,,,,,,,,,,,
74,139.0,,,,,,,,,,,,,,,
75,140.0,,,,,,,,,,,,,,,
76,142.0,,,,,,,,,,,,,,,
77,144.0,,,,,,,,,,,,,,,
78,146.0,,,,,,,,,,,,,,,
79,150.0,,,,,,,,,,,,,,,
80,151.0,,,,,,,,,,,,,,,
81,153.0,,,,,,,,,,,,,,,
82,157.0,,,,,,,,,,,,,,,
83,158.0,,,,,,,,,,,,,,,
84,159.0,,,,,,,,,,,,,,,
85,169.0,,,,,,,,,,,,,,,
86,170.0,,,,,,,,,,,,,,,
87,171.0,,,,,,,,,,,,,,,
88,174.0,,,,,,,,,,,,,,,
89,178.0,,,,,,,,,,,,,,,
90,179.0,,,,,,,,,,,,,,,
91,180.0,,,,,,,,,,,,,,,
92,182.0,,,,,,,,,,,,,,,
93,186.0,,,,,,,,,,,,,,,
94,188.0,,,,,,,,,,,,,,,
95,190.0,,,,,,,,,,,,,,,
96,191.0,,,,,,,,,,,,,,,
97,192.0,,,,,,,,,,,,,,,
98,193.0,,,,,,,,,,,,,,,
99,196.0,,,,,,,,,,,,,,,
100,197.0,,,,,,,,,,,,,,,
101,199.0,,,,,,,,,,,,,,,
102,201.0,,,,,,,,,,,,,,,
103,203.0,,,,,,,,,,,,,,,
104,204.0,,,,,,,,,,,,,,,
105,205.0,,,,,,,,,,,,,,,
106,208.0,,,,,,,,,,,,,,,
107,210.0,,,,,,,,,,,,,,,
108,212.0,,,,,,,,,,,,,,,
109,213.0,,,,,,,,,,,,,,,
110,214.0,,,,,,,,,,,,,,,
111,217.0,,,,,,,,,,,,,,,
112,219.0,,,,,,,,,,,,,,,
113,221.0,,,,,,,,,,,,,,,
114,222.0,,,,,,,,,,,,,,,
115,223.0,,,,,,,,,,,,,,,
116,224.0,,,,,,,,,,,,,,,
117,794.0,,,,,,,,,,,,,,,
118,227.0,,,,,,,,,,,,,,,
119,228.0,,,,,,,,,,,,,,,
120,265.0,,,,,,,,,,,,,,,
121,229.0,,,,,,,,,,,,,,,
122,233.0,,,,,,,,,,,,,,,
123,235.0,,,,,,,,,,,,,,,
124,236.0,,,,,,,,,,,,,,,
125,239.0,,,,,,,,,,,,,,,
126,243.0,,,,,,,,,,,,,,,
127,244.0,,,,,,,,,,,,,,,
128,247.0,,,,,,,,,,,,,,,
129,251.0,,,,,,,,,,,,,,,
130,253.0,,,,,,,,,,,,,,,
131,258.0,,,,,,,,,,,,,,,
132,264.0,,,,,,,,,,,,,,,
133,266.0,,,,,,,,,,,,,,,
134,270.0,,,,,,,,,,,,,,,
135,271.0,,,,,,,,,,,,,,,
136,272.0,,,,,,,,,,,,,,,
137,274.0,,,,,,,,,,,,,,,
138,275.0,,,,,,,,,,,,,,,
139,277.0,,,,,,,,,,,,,,,
140,278.0,,,,,,,,,,,,,,,
141,240.0,,,,,,,,,,,,,,,
142,281.0,,,,,,,,,,,,,,,
143,283.0,,,,,,,,,,,,,,,
144,284.0,,,,,,,,,,,,,,,
145,286.0,,,,,,,,,,,,,,,
146,287.0,,,,,,,,,,,,,,,
147,288.0,,,,,,,,,,,,,,,
148,289.0,,,,,,,,,,,,,,,
149,291.0,,,,,,,,,,,,,,,
150,293.0,,,,,,,,,,,,,,,
151,294.0,,,,,,,,,,,,,,,
152,295.0,,,,,,,,,,,,,,,
153,296.0,,,,,,,,,,,,,,,
154,297.0,,,,,,,,,,,,,,,
155,299.0,,,,,,,,,,,,,,,
156,697.0,,,,,,,,,,,,,,,
157,707.0,,,,,,,,,,,,,,,
158,791.0,,,,,,,,,,,,,,,
159,307.0,,,,,,,,,,,,,,,
160,1174.0,,,,,,,,,,,,,,,
161,310.0,,,,,,,,,,,,,,,
162,314.0,,,,,,,,,,,,,,,
163,412.0,,,,,,,,,,,,,,,
164,318.0,,,,,,,,,,,,,,,
165,322.0,,,,,,,,,,,,,,,
166,323.0,,,,,,,,,,,,,,,
167,326.0,,,,,,,,,,,,,,,
168,327.0,,,,,,,,,,,,,,,
169,689.0,,,,,,,,,,,,,,,
170,332.0,,,,,,,,,,,,,,,
171,1296.0,,,,,,,,,,,,,,,
172,336.0,,,,,,,,,,,,,,,
173,338.0,,,,,,,,,,,,,,,
174,958.0,,,,,,,,,,,,,,,
175,339.0,,,,,,,,,,,,,,,
176,340.0,,,,,,,,,,,,,,,
177,343.0,,,,,,,,,,,,,,,
178,344.0,,,,,,,,,,,,,,,
179,345.0,,,,,,,,,,,,,,,
180,1163.0,,,,,,,,,,,,,,,
181,350.0,,,,,,,,,,,,,,,
182,351.0,,,,,,,,,,,,,,,
183,352.0,,,,,,,,,,,,,,,
184,355.0,,,,,,,,,,,,,,,
185,356.0,,,,,,,,,,,,,,,
186,358.0,,,,,,,,,,,,,,,
187,359.0,,,,,,,,,,,,,,,
188,360.0,,,,,,,,,,,,,,,
189,364.0,,,,,,,,,,,,,,,
190,366.0,,,,,,,,,,,,,,,
191,1159.0,,,,,,,,,,,,,,,
192,369.0,,,,,,,,,,,,,,,
193,370.0,,,,,,,,,,,,,,,
194,373.0,,,,,,,,,,,,,,,
195,374.0,,,,,,,,,,,,,,,
196,377.0,,,,,,,,,,,,,,,
197,381.0,,,,,,,,,,,,,,,
198,383.0,,,,,,,,,,,,,,,
199,385.0,,,,,,,,,,,,,,,
200,388.0,,,,,,,,,,,,,,,
201,389.0,,,,,,,,,,,,,,,
202,390.0,,,,,,,,,,,,,,,
203,392.0,,,,,,,,,,,,,,,
204,398.0,,,,,,,,,,,,,,,
205,399.0,,,,,,,,,,,,,,,
206,400.0,,,,,,,,,,,,,,,
207,401.0,,,,,,,,,,,,,,,
208,402.0,,,,,,,,,,,,,,,
209,407.0,,,,,,,,,,,,,,,
210,409.0,,,,,,,,,,,,,,,
211,411.0,,,,,,,,,,,,,,,
212,414.0,,,,,,,,,,,,,,,
213,415.0,,,,,,,,,,,,,,,
214,416.0,,,,,,,,,,,,,,,
215,418.0,,,,,,,,,,,,,,,
216,419.0,,,,,,,,,,,,,,,
217,421.0,,,,,,,,,,,,,,,
218,422.0,,,,,,,,,,,,,,,
219,423.0,,,,,,,,,,,,,,,
220,426.0,,,,,,,,,,,,,,,
221,573.0,,,,,,,,,,,,,,,
222,430.0,,,,,,,,,,,,,,,
223,431.0,,,,,,,,,,,,,,,
224,434.0,,,,,,,,,,,,,,,
225,440.0,,,,,,,,,,,,,,,
226,442.0,,,,,,,,,,,,,,,
227,443.0,,,,,,,,,,,,,,,
228,444.0,,,,,,,,,,,,,,,
229,445.0,,,,,,,,,,,,,,,
230,448.0,,,,,,,,,,,,,,,
231,450.0,,,,,,,,,,,,,,,
232,453.0,,,,,,,,,,,,,,,
233,455.0,,,,,,,,,,,,,,,
234,456.0,,,,,,,,,,,,,,,
235,457.0,,,,,,,,,,,,,,,
236,459.0,,,,,,,,,,,,,,,
237,461.0,,,,,,,,,,,,,,,
238,463.0,,,,,,,,,,,,,,,
239,464.0,,,,,,,,,,,,,,,
240,465.0,,,,,,,,,,,,,,,
241,466.0,,,,,,,,,,,,,,,
242,467.0,,,,,,,,,,,,,,,
243,468.0,,,,,,,,,,,,,,,
244,469.0,,,,,,,,,,,,,,,
245,471.0,,,,,,,,,,,,,,,
246,474.0,,,,,,,,,,,,,,,
247,475.0,,,,,,,,,,,,,,,
248,476.0,,,,,,,,,,,,,,,
249,482.0,,,,,,,,,,,,,,,
250,483.0,,,,,,,,,,,,,,,
251,484.0,,,,,,,,,,,,,,,
252,488.0,,,,,,,,,,,,,,,
253,489.0,,,,,,,,,,,,,,,
254,492.0,,,,,,,,,,,,,,,
255,493.0,,,,,,,,,,,,,,,
256,494.0,,,,,,,,,,,,,,,
257,496.0,,,,,,,,,,,,,,,
258,498.0,,,,,,,,,,,,,,,
259,503.0,,,,,,,,,,,,,,,
260,504.0,,,,,,,,,,,,,,,
261,505.0,,,,,,,,,,,,,,,
262,508.0,,,,,,,,,,,,,,,
263,955.0,,,,,,,,,,,,,,,
264,510.0,,,,,,,,,,,,,,,
265,858.0,,,,,,,,,,,,,,,
266,513.0,,,,,,,,,,,,,,,
267,516.0,,,,,,,,,,,,,,,
268,517.0,,,,,,,,,,,,,,,
269,520.0,,,,,,,,,,,,,,,
270,521.0,,,,,,,,,,,,,,,
271,522.0,,,,,,,,,,,,,,,
272,523.0,,,,,,,,,,,,,,,
273,525.0,,,,,,,,,,,,,,,
274,526.0,,,,,,,,,,,,,,,
275,527.0,,,,,,,,,,,,,,,
276,528.0,,,,,,,,,,,,,,,
277,529.0,,,,,,,,,,,,,,,
278,532.0,,,,,,,,,,,,,,,
279,537.0,,,,,,,,,,,,,,,
280,538.0,,,,,,,,,,,,,,,
281,540.0,,,,,,,,,,,,,,,
282,546.0,,,,,,,,,,,,,,,
283,548.0,,,,,,,,,,,,,,,
284,552.0,,,,,,,,,,,,,,,
285,554.0,,,,,,,,,,,,,,,
286,555.0,,,,,,,,,,,,,,,
287,558.0,,,,,,,,,,,,,,,
288,561.0,,,,,,,,,,,,,,,
289,562.0,,,,,,,,,,,,,,,
290,563.0,,,,,,,,,,,,,,,
291,564.0,,,,,,,,,,,,,,,
292,565.0,,,,,,,,,,,,,,,
293,567.0,,,,,,,,,,,,,,,
294,569.0,,,,,,,,,,,,,,,
295,575.0,,,,,,,,,,,,,,,
296,576.0,,,,,,,,,,,,,,,
297,577.0,,,,,,,,,,,,,,,
298,583.0,,,,,,,,,,,,,,,
299,584.0,,,,,,,,,,,,,,,
300,585.0,,,,,,,,,,,,,,,
301,587.0,,,,,,,,,,,,,,,
302,589.0,,,,,,,,,,,,,,,
303,590.0,,,,,,,,,,,,,,,
304,591.0,,,,,,,,,,,,,,,
305,593.0,,,,,,,,,,,,,,,
306,597.0,,,,,,,,,,,,,,,
307,602.0,,,,,,,,,,,,,,,
308,603.0,,,,,,,,,,,,,,,
309,604.0,,,,,,,,,,,,,,,
310,605.0,,,,,,,,,,,,,,,
311,607.0,,,,,,,,,,,,,,,
312,608.0,,,,,,,,,,,,,,,
313,610.0,,,,,,,,,,,,,,,
314,612.0,,,,,,,,,,,,,,,
315,614.0,,,,,,,,,,,,,,,
316,615.0,,,,,,,,,,,,,,,
317,620.0,,,,,,,,,,,,,,,
318,625.0,,,,,,,,,,,,,,,
319,1267.0,,,,,,,,,,,,,,,
320,626.0,,,,,,,,,,,,,,,
321,627.0,,,,,,,,,,,,,,,
322,628.0,,,,,,,,,,,,,,,
323,629.0,,,,,,,,,,,,,,,
324,630.0,,,,,,,,,,,,,,,
325,631.0,,,,,,,,,,,,,,,
326,632.0,,,,,,,,,,,,,,,
327,633.0,,,,,,,,,,,,,,,
328,634.0,,,,,,,,,,,,,,,
329,637.0,,,,,,,,,,,,,,,
330,642.0,,,,,,,,,,,,,,,
331,644.0,,,,,,,,,,,,,,,
332,648.0,,,,,,,,,,,,,,,
333,649.0,,,,,,,,,,,,,,,
334,651.0,,,,,,,,,,,,,,,
335,653.0,,,,,,,,,,,,,,,
336,655.0,,,,,,,,,,,,,,,
337,657.0,,,,,,,,,,,,,,,
338,659.0,,,,,,,,,,,,,,,
339,662.0,,,,,,,,,,,,,,,
340,663.0,,,,,,,,,,,,,,,
341,667.0,,,,,,,,,,,,,,,
342,668.0,,,,,,,,,,,,,,,
343,1054.0,,,,,,,,,,,,,,,
344,673.0,,,,,,,,,,,,,,,
345,674.0,,,,,,,,,,,,,,,
346,676.0,,,,,,,,,,,,,,,
347,677.0,,,,,,,,,,,,,,,
348,678.0,,,,,,,,,,,,,,,
349,681.0,,,,,,,,,,,,,,,
350,682.0,,,,,,,,,,,,,,,
351,683.0,,,,,,,,,,,,,,,
352,688.0,,,,,,,,,,,,,,,
353,690.0,,,,,,,,,,,,,,,
354,695.0,,,,,,,,,,,,,,,
355,698.0,,,,,,,,,,,,,,,
356,700.0,,,,,,,,,,,,,,,
357,702.0,,,,,,,,,,,,,,,
358,704.0,,,,,,,,,,,,,,,
359,462.0,,,,,,,,,,,,,,,
360,708.0,,,,,,,,,,,,,,,
361,709.0,,,,,,,,,,,,,,,
362,711.0,,,,,,,,,,,,,,,
363,712.0,,,,,,,,,,,,,,,
364,715.0,,,,,,,,,,,,,,,
365,716.0,,,,,,,,,,,,,,,
366,717.0,,,,,,,,,,,,,,,
367,718.0,,,,,,,,,,,,,,,
368,719.0,,,,,,,,,,,,,,,
369,724.0,,,,,,,,,,,,,,,
370,728.0,,,,,,,,,,,,,,,
371,732.0,,,,,,,,,,,,,,,
372,733.0,,,,,,,,,,,,,,,
373,734.0,,,,,,,,,,,,,,,
374,735.0,,,,,,,,,,,,,,,
375,738.0,,,,,,,,,,,,,,,
376,739.0,,,,,,,,,,,,,,,
377,740.0,,,,,,,,,,,,,,,
378,741.0,,,,,,,,,,,,,,,
379,745.0,,,,,,,,,,,,,,,
380,748.0,,,,,,,,,,,,,,,
381,750.0,,,,,,,,,,,,,,,
382,753.0,,,,,,,,,,,,,,,
383,754.0,,,,,,,,,,,,,,,
384,873.0,,,,,,,,,,,,,,,
385,758.0,,,,,,,,,,,,,,,
386,759.0,,,,,,,,,,,,,,,
387,760.0,,,,,,,,,,,,,,,
388,761.0,,,,,,,,,,,,,,,
389,762.0,,,,,,,,,,,,,,,
390,763.0,,,,,,,,,,,,,,,
391,765.0,,,,,,,,,,,,,,,
392,767.0,,,,,,,,,,,,,,,
393,768.0,,,,,,,,,,,,,,,
394,770.0,,,,,,,,,,,,,,,
395,771.0,,,,,,,,,,,,,,,
396,773.0,,,,,,,,,,,,,,,
397,776.0,,,,,,,,,,,,,,,
398,778.0,,,,,,,,,,,,,,,
399,779.0,,,,,,,,,,,,,,,
400,780.0,,,,,,,,,,,,,,,
401,781.0,,,,,,,,,,,,,,,
402,723.0,,,,,,,,,,,,,,,
403,786.0,,,,,,,,,,,,,,,
404,787.0,,,,,,,,,,,,,,,
405,790.0,,,,,,,,,,,,,,,
406,792.0,,,,,,,,,,,,,,,
407,795.0,,,,,,,,,,,,,,,
408,796.0,,,,,,,,,,,,,,,
409,797.0,,,,,,,,,,,,,,,
410,798.0,,,,,,,,,,,,,,,
411,799.0,,,,,,,,,,,,,,,
412,801.0,,,,,,,,,,,,,,,
413,805.0,,,,,,,,,,,,,,,
414,808.0,,,,,,,,,,,,,,,
415,812.0,,,,,,,,,,,,,,,
416,813.0,,,,,,,,,,,,,,,
417,815.0,,,,,,,,,,,,,,,
418,816.0,,,,,,,,,,,,,,,
419,817.0,,,,,,,,,,,,,,,
420,819.0,,,,,,,,,,,,,,,
421,822.0,,,,,,,,,,,,,,,
422,823.0,,,,,,,,,,,,,,,
423,829.0,,,,,,,,,,,,,,,
424,834.0,,,,,,,,,,,,,,,
425,835.0,,,,,,,,,,,,,,,
426,837.0,,,,,,,,,,,,,,,
427,838.0,,,,,,,,,,,,,,,
428,839.0,,,,,,,,,,,,,,,
429,840.0,,,,,,,,,,,,,,,
430,841.0,,,,,,,,,,,,,,,
431,842.0,,,,,,,,,,,,,,,
432,843.0,,,,,,,,,,,,,,,
433,844.0,,,,,,,,,,,,,,,
434,845.0,,,,,,,,,,,,,,,
435,846.0,,,,,,,,,,,,,,,
436,848.0,,,,,,,,,,,,,,,
437,863.0,,,,,,,,,,,,,,,
438,865.0,,,,,,,,,,,,,,,
439,866.0,,,,,,,,,,,,,,,
440,868.0,,,,,,,,,,,,,,,
441,869.0,,,,,,,,,,,,,,,
442,871.0,,,,,,,,,,,,,,,
443,874.0,,,,,,,,,,,,,,,
444,876.0,,,,,,,,,,,,,,,
445,879.0,,,,,,,,,,,,,,,
446,882.0,,,,,,,,,,,,,,,
447,883.0,,,,,,,,,,,,,,,
448,884.0,,,,,,,,,,,,,,,
449,885.0,,,,,,,,,,,,,,,
450,887.0,,,,,,,,,,,,,,,
451,890.0,,,,,,,,,,,,,,,
452,891.0,,,,,,,,,,,,,,,
453,893.0,,,,,,,,,,,,,,,
454,894.0,,,,,,,,,,,,,,,
455,895.0,,,,,,,,,,,,,,,
456,900.0,,,,,,,,,,,,,,,
457,902.0,,,,,,,,,,,,,,,
458,903.0,,,,,,,,,,,,,,,
459,909.0,,,,,,,,,,,,,,,
460,911.0,,,,,,,,,,,,,,,
461,914.0,,,,,,,,,,,,,,,
462,919.0,,,,,,,,,,,,,,,
463,920.0,,,,,,,,,,,,,,,
464,927.0,,,,,,,,,,,,,,,
465,928.0,,,,,,,,,,,,,,,
466,930.0,,,,,,,,,,,,,,,
467,931.0,,,,,,,,,,,,,,,
468,933.0,,,,,,,,,,,,,,,
469,1178.0,,,,,,,,,,,,,,,
470,935.0,,,,,,,,,,,,,,,
471,937.0,,,,,,,,,,,,,,,
472,938.0,,,,,,,,,,,,,,,
473,939.0,,,,,,,,,,,,,,,
474,943.0,,,,,,,,,,,,,,,
475,946.0,,,,,,,,,,,,,,,
476,951.0,,,,,,,,,,,,,,,
477,952.0,,,,,,,,,,,,,,,
478,953.0,,,,,,,,,,,,,,,
479,954.0,,,,,,,,,,,,,,,
480,957.0,,,,,,,,,,,,,,,
481,960.0,,,,,,,,,,,,,,,
482,962.0,,,,,,,,,,,,,,,
483,963.0,,,,,,,,,,,,,,,
484,964.0,,,,,,,,,,,,,,,
485,965.0,,,,,,,,,,,,,,,
486,966.0,,,,,,,,,,,,,,,
487,967.0,,,,,,,,,,,,,,,
488,968.0,,,,,,,,,,,,,,,
489,970.0,,,,,,,,,,,,,,,
490,971.0,,,,,,,,,,,,,,,
491,974.0,,,,,,,,,,,,,,,
492,975.0,,,,,,,,,,,,,,,
493,976.0,,,,,,,,,,,,,,,
494,978.0,,,,,,,,,,,,,,,
495,979.0,,,,,,,,,,,,,,,
496,980.0,,,,,,,,,,,,,,,
497,983.0,,,,,,,,,,,,,,,
498,311.0,,,,,,,,,,,,,,,
499,985.0,,,,,,,,,,,,,,,
500,986.0,,,,,,,,,,,,,,,
501,987.0,,,,,,,,,,,,,,,
502,989.0,,,,,,,,,,,,,,,
503,990.0,,,,,,,,,,,,,,,
504,991.0,,,,,,,,,,,,,,,
505,995.0,,,,,,,,,,,,,,,
506,997.0,,,,,,,,,,,,,,,
507,1000.0,,,,,,,,,,,,,,,
508,1001.0,,,,,,,,,,,,,,,
509,1002.0,,,,,,,,,,,,,,,
510,1003.0,,,,,,,,,,,,,,,
511,1004.0,,,,,,,,,,,,,,,
512,1010.0,,,,,,,,,,,,,,,
513,1015.0,,,,,,,,,,,,,,,
514,1016.0,,,,,,,,,,,,,,,
515,1018.0,,,,,,,,,,,,,,,
516,1020.0,,,,,,,,,,,,,,,
517,1021.0,,,,,,,,,,,,,,,
518,1022.0,,,,,,,,,,,,,,,
519,1023.0,,,,,,,,,,,,,,,
520,1026.0,,,,,,,,,,,,,,,
521,1029.0,,,,,,,,,,,,,,,
522,1030.0,,,,,,,,,,,,,,,
523,1035.0,,,,,,,,,,,,,,,
524,1036.0,,,,,,,,,,,,,,,
525,1038.0,,,,,,,,,,,,,,,
526,1040.0,,,,,,,,,,,,,,,
527,1043.0,,,,,,,,,,,,,,,
528,1044.0,,,,,,,,,,,,,,,
529,1047.0,,,,,,,,,,,,,,,
530,1048.0,,,,,,,,,,,,,,,
531,1049.0,,,,,,,,,,,,,,,
532,1050.0,,,,,,,,,,,,,,,
533,1052.0,,,,,,,,,,,,,,,
534,1055.0,,,,,,,,,,,,,,,
535,1056.0,,,,,,,,,,,,,,,
536,1058.0,,,,,,,,,,,,,,,
537,1060.0,,,,,,,,,,,,,,,
538,1061.0,,,,,,,,,,,,,,,
539,1062.0,,,,,,,,,,,,,,,
540,1065.0,,,,,,,,,,,,,,,
541,1068.0,,,,,,,,,,,,,,,
542,1072.0,,,,,,,,,,,,,,,
543,1075.0,,,,,,,,,,,,,,,
544,1077.0,,,,,,,,,,,,,,,
545,1081.0,,,,,,,,,,,,,,,
546,1083.0,,,,,,,,,,,,,,,
547,1085.0,,,,,,,,,,,,,,,
548,1090.0,,,,,,,,,,,,,,,
549,1091.0,,,,,,,,,,,,,,,
550,1097.0,,,,,,,,,,,,,,,
551,1099.0,,,,,,,,,,,,,,,
552,1100.0,,,,,,,,,,,,,,,
553,1101.0,,,,,,,,,,,,,,,
554,1102.0,,,,,,,,,,,,,,,
555,1103.0,,,,,,,,,,,,,,,
556,1104.0,,,,,,,,,,,,,,,
557,1107.0,,,,,,,,,,,,,,,
558,1111.0,,,,,,,,,,,,,,,
559,1113.0,,,,,,,,,,,,,,,
560,46.0,,,,,,,,,,,,,,,
561,669.0,,,,,,,,,,,,,,,
562,1116.0,,,,,,,,,,,,,,,
563,811.0,,,,,,,,,,,,,,,
564,1119.0,,,,,,,,,,,,,,,
565,1120.0,,,,,,,,,,,,,,,
566,1122.0,,,,,,,,,,,,,,,
567,1123.0,,,,,,,,,,,,,,,
568,1125.0,,,,,,,,,,,,,,,
569,1127.0,,,,,,,,,,,,,,,
570,1129.0,,,,,,,,,,,,,,,
571,1130.0,,,,,,,,,,,,,,,
572,1132.0,,,,,,,,,,,,,,,
573,1135.0,,,,,,,,,,,,,,,
574,1138.0,,,,,,,,,,,,,,,
575,1143.0,,,,,,,,,,,,,,,
576,1145.0,,,,,,,,,,,,,,,
577,1146.0,,,,,,,,,,,,,,,
578,1147.0,,,,,,,,,,,,,,,
579,1149.0,,,,,,,,,,,,,,,
580,1150.0,,,,,,,,,,,,,,,
581,1151.0,,,,,,,,,,,,,,,
582,1156.0,,,,,,,,,,,,,,,
583,1157.0,,,,,,,,,,,,,,,
584,1158.0,,,,,,,,,,,,,,,
585,1162.0,,,,,,,,,,,,,,,
586,1166.0,,,,,,,,,,,,,,,
587,1168.0,,,,,,,,,,,,,,,
588,1171.0,,,,,,,,,,,,,,,
589,1180.0,,,,,,,,,,,,,,,
590,1182.0,,,,,,,,,,,,,,,
591,1184.0,,,,,,,,,,,,,,,
592,1186.0,,,,,,,,,,,,,,,
593,1187.0,,,,,,,,,,,,,,,
594,1190.0,,,,,,,,,,,,,,,
595,1193.0,,,,,,,,,,,,,,,
596,1203.0,,,,,,,,,,,,,,,
597,1204.0,,,,,,,,,,,,,,,
598,1207.0,,,,,,,,,,,,,,,
599,1213.0,,,,,,,,,,,,,,,
600,1214.0,,,,,,,,,,,,,,,
601,1215.0,,,,,,,,,,,,,,,
602,1216.0,,,,,,,,,,,,,,,
603,1217.0,,,,,,,,,,,,,,,
604,1221.0,,,,,,,,,,,,,,,
605,1206.0,,,,,,,,,,,,,,,
606,1223.0,,,,,,,,,,,,,,,
607,1227.0,,,,,,,,,,,,,,,
608,1228.0,,,,,,,,,,,,,,,
609,1230.0,,,,,,,,,,,,,,,
610,1232.0,,,,,,,,,,,,,,,
611,1233.0,,,,,,,,,,,,,,,
612,1238.0,,,,,,,,,,,,,,,
613,1239.0,,,,,,,,,,,,,,,
614,1241.0,,,,,,,,,,,,,,,
615,1243.0,,,,,,,,,,,,,,,
616,1244.0,,,,,,,,,,,,,,,
617,1247.0,,,,,,,,,,,,,,,
618,675.0,,,,,,,,,,,,,,,
619,195.0,,,,,,,,,,,,,,,
620,777.0,,,,,,,,,,,,,,,
621,1249.0,,,,,,,,,,,,,,,
622,1250.0,,,,,,,,,,,,,,,
623,783.0,,,,,,,,,,,,,,,
624,1308.0,,,,,,,,,,,,,,,
625,1255.0,,,,,,,,,,,,,,,
626,1259.0,,,,,,,,,,,,,,,
627,1261.0,,,,,,,,,,,,,,,
628,1264.0,,,,,,,,,,,,,,,
629,1269.0,,,,,,,,,,,,,,,
630,1270.0,,,,,,,,,,,,,,,
631,654.0,,,,,,,,,,,,,,,
632,1276.0,,,,,,,,,,,,,,,
633,1278.0,,,,,,,,,,,,,,,
634,1279.0,,,,,,,,,,,,,,,
635,1282.0,,,,,,,,,,,,,,,
636,1285.0,,,,,,,,,,,,,,,
637,175.0,,,,,,,,,,,,,,,
638,261.0,,,,,,,,,,,,,,,
639,347.0,,,,,,,,,,,,,,,
640,1288.0,,,,,,,,,,,,,,,
641,1290.0,,,,,,,,,,,,,,,
642,1291.0,,,,,,,,,,,,,,,
643,1297.0,,,,,,,,,,,,,,,
644,1300.0,,,,,,,,,,,,,,,
645,1302.0,,,,,,,,,,,,,,,
646,1304.0,,,,,,,,,,,,,,,
647,1305.0,,,,,,,,,,,,,,,
648,1306.0,,,,,,,,,,,,,,,
649,1307.0,,,,,,,,,,,,,,,
650,1.0,478.0,,,,,,,,,,,,,,
651,4.0,138.0,,,,,,,,,,,,,,
652,10.0,123.0,,,,,,,,,,,,,,
653,12.0,1292.0,,,,,,,,,,,,,,
654,156.0,915.0,,,,,,,,,,,,,,
655,305.0,736.0,,,,,,,,,,,,,,
656,23.0,1098.0,,,,,,,,,,,,,,
657,32.0,1208.0,,,,,,,,,,,,,,
658,35.0,376.0,,,,,,,,,,,,,,
659,36.0,384.0,,,,,,,,,,,,,,
660,40.0,126.0,,,,,,,,,,,,,,
661,42.0,118.0,,,,,,,,,,,,,,
662,47.0,1165.0,,,,,,,,,,,,,,
663,50.0,354.0,,,,,,,,,,,,,,
664,53.0,646.0,,,,,,,,,,,,,,
665,721.0,849.0,,,,,,,,,,,,,,
666,54.0,1169.0,,,,,,,,,,,,,,
667,55.0,918.0,,,,,,,,,,,,,,
668,63.0,231.0,,,,,,,,,,,,,,
669,220.0,571.0,,,,,,,,,,,,,,
670,70.0,1268.0,,,,,,,,,,,,,,
671,74.0,1007.0,,,,,,,,,,,,,,
672,84.0,1295.0,,,,,,,,,,,,,,
673,93.0,906.0,,,,,,,,,,,,,,
674,98.0,1242.0,,,,,,,,,,,,,,
675,99.0,652.0,,,,,,,,,,,,,,
676,100.0,317.0,,,,,,,,,,,,,,
677,102.0,878.0,,,,,,,,,,,,,,
678,112.0,241.0,,,,,,,,,,,,,,
679,115.0,245.0,,,,,,,,,,,,,,
680,133.0,917.0,,,,,,,,,,,,,,
681,134.0,993.0,,,,,,,,,,,,,,
682,143.0,404.0,,,,,,,,,,,,,,
683,145.0,1096.0,,,,,,,,,,,,,,
684,152.0,337.0,,,,,,,,,,,,,,
685,161.0,1017.0,,,,,,,,,,,,,,
686,162.0,1012.0,,,,,,,,,,,,,,
687,164.0,501.0,,,,,,,,,,,,,,
688,167.0,357.0,,,,,,,,,,,,,,
689,200.0,1265.0,,,,,,,,,,,,,,
690,209.0,1205.0,,,,,,,,,,,,,,
691,211.0,785.0,,,,,,,,,,,,,,
692,215.0,1013.0,,,,,,,,,,,,,,
693,225.0,487.0,,,,,,,,,,,,,,
694,237.0,1140.0,,,,,,,,,,,,,,
695,248.0,756.0,,,,,,,,,,,,,,
696,249.0,872.0,,,,,,,,,,,,,,
697,254.0,618.0,,,,,,,,,,,,,,
698,260.0,636.0,,,,,,,,,,,,,,
699,273.0,447.0,,,,,,,,,,,,,,
700,290.0,898.0,,,,,,,,,,,,,,
701,292.0,485.0,,,,,,,,,,,,,,
702,304.0,908.0,,,,,,,,,,,,,,
703,308.0,506.0,,,,,,,,,,,,,,
704,309.0,875.0,,,,,,,,,,,,,,
705,313.0,1041.0,,,,,,,,,,,,,,
706,321.0,1177.0,,,,,,,,,,,,,,
707,330.0,524.0,,,,,,,,,,,,,,
708,335.0,661.0,,,,,,,,,,,,,,
709,348.0,950.0,,,,,,,,,,,,,,
710,362.0,907.0,,,,,,,,,,,,,,
711,363.0,703.0,,,,,,,,,,,,,,
712,367.0,1128.0,,,,,,,,,,,,,,
713,371.0,1256.0,,,,,,,,,,,,,,
714,372.0,1124.0,,,,,,,,,,,,,,
715,379.0,1231.0,,,,,,,,,,,,,,
716,406.0,1293.0,,,,,,,,,,,,,,
717,429.0,826.0,,,,,,,,,,,,,,
718,433.0,922.0,,,,,,,,,,,,,,
719,435.0,578.0,,,,,,,,,,,,,,
720,452.0,491.0,,,,,,,,,,,,,,
721,454.0,850.0,,,,,,,,,,,,,,
722,458.0,1137.0,,,,,,,,,,,,,,
723,460.0,1272.0,,,,,,,,,,,,,,
724,495.0,650.0,,,,,,,,,,,,,,
725,502.0,1280.0,,,,,,,,,,,,,,
726,511.0,1183.0,,,,,,,,,,,,,,
727,514.0,912.0,,,,,,,,,,,,,,
728,515.0,664.0,,,,,,,,,,,,,,
729,518.0,999.0,,,,,,,,,,,,,,
730,557.0,600.0,,,,,,,,,,,,,,
731,570.0,1210.0,,,,,,,,,,,,,,
732,588.0,1289.0,,,,,,,,,,,,,,
733,497.0,592.0,,,,,,,,,,,,,,
734,622.0,936.0,,,,,,,,,,,,,,
735,680.0,1235.0,,,,,,,,,,,,,,
736,692.0,932.0,,,,,,,,,,,,,,
737,693.0,827.0,,,,,,,,,,,,,,
738,694.0,833.0,,,,,,,,,,,,,,
739,701.0,1094.0,,,,,,,,,,,,,,
740,725.0,810.0,,,,,,,,,,,,,,
741,729.0,1167.0,,,,,,,,,,,,,,
742,730.0,910.0,,,,,,,,,,,,,,
743,742.0,988.0,,,,,,,,,,,,,,
744,749.0,1074.0,,,,,,,,,,,,,,
745,752.0,824.0,,,,,,,,,,,,,,
746,757.0,1027.0,,,,,,,,,,,,,,
747,691.0,782.0,,,,,,,,,,,,,,
748,854.0,1283.0,,,,,,,,,,,,,,
749,856.0,1199.0,,,,,,,,,,,,,,
750,867.0,1112.0,,,,,,,,,,,,,,
751,328.0,881.0,,,,,,,,,,,,,,
752,904.0,1179.0,,,,,,,,,,,,,,
753,259.0,940.0,,,,,,,,,,,,,,
754,949.0,1237.0,,,,,,,,,,,,,,
755,973.0,1006.0,,,,,,,,,,,,,,
756,994.0,1273.0,,,,,,,,,,,,,,
757,998.0,1005.0,,,,,,,,,,,,,,
758,926.0,1014.0,,,,,,,,,,,,,,
759,1028.0,1063.0,,,,,,,,,,,,,,
760,1108.0,1148.0,,,,,,,,,,,,,,
761,1114.0,1209.0,,,,,,,,,,,,,,
762,1144.0,1164.0,,,,,,,,,,,,,,
763,1161.0,1195.0,,,,,,,,,,,,,,
764,905.0,1105.0,,,,,,,,,,,,,,
765,257.0,1219.0,,,,,,,,,,,,,,
766,103.0,125.0,,,,,,,,,,,,,,
767,432.0,640.0,,,,,,,,,,,,,,
768,1260.0,1294.0,,,,,,,,,,,,,,
769,744.0,1275.0,,,,,,,,,,,,,,
770,6.0,110.0,769.0,,,,,,,,,,,,,
771,41.0,232.0,714.0,,,,,,,,,,,,,
772,49.0,921.0,1189.0,,,,,,,,,,,,,
773,79.0,324.0,899.0,,,,,,,,,,,,,
774,114.0,403.0,580.0,,,,,,,,,,,,,
775,121.0,656.0,666.0,,,,,,,,,,,,,
776,129.0,534.0,1309.0,,,,,,,,,,,,,
777,149.0,194.0,341.0,,,,,,,,,,,,,
778,154.0,1084.0,1236.0,,,,,,,,,,,,,
779,176.0,1045.0,1155.0,,,,,,,,,,,,,
780,185.0,1057.0,1286.0,,,,,,,,,,,,,
781,187.0,365.0,553.0,,,,,,,,,,,,,
782,189.0,594.0,658.0,,,,,,,,,,,,,
783,216.0,394.0,660.0,,,,,,,,,,,,,
784,238.0,638.0,802.0,,,,,,,,,,,,,
785,242.0,613.0,1092.0,,,,,,,,,,,,,
786,246.0,413.0,1303.0,,,,,,,,,,,,,
787,255.0,425.0,1176.0,,,,,,,,,,,,,
788,263.0,559.0,586.0,,,,,,,,,,,,,
789,269.0,333.0,888.0,,,,,,,,,,,,,
790,280.0,747.0,1284.0,,,,,,,,,,,,,
791,282.0,397.0,1192.0,,,,,,,,,,,,,
792,301.0,574.0,892.0,,,,,,,,,,,,,
793,302.0,331.0,1019.0,,,,,,,,,,,,,
794,315.0,441.0,536.0,,,,,,,,,,,,,
795,316.0,1089.0,1153.0,,,,,,,,,,,,,
796,319.0,857.0,1109.0,,,,,,,,,,,,,
797,349.0,490.0,941.0,,,,,,,,,,,,,
798,378.0,1110.0,1299.0,,,,,,,,,,,,,
799,405.0,726.0,1172.0,,,,,,,,,,,,,
800,417.0,1086.0,1139.0,,,,,,,,,,,,,
801,420.0,596.0,800.0,,,,,,,,,,,,,
802,446.0,1185.0,1266.0,,,,,,,,,,,,,
803,500.0,852.0,897.0,,,,,,,,,,,,,
804,541.0,746.0,1197.0,,,,,,,,,,,,,
805,595.0,696.0,1011.0,,,,,,,,,,,,,
806,641.0,722.0,772.0,,,,,,,,,,,,,
807,647.0,948.0,1226.0,,,,,,,,,,,,,
808,556.0,670.0,713.0,,,,,,,,,,,,,
809,751.0,981.0,1154.0,,,,,,,,,,,,,
810,276.0,766.0,807.0,,,,,,,,,,,,,
811,382.0,623.0,1225.0,,,,,,,,,,,,,
812,818.0,828.0,1253.0,,,,,,,,,,,,,
813,836.0,1071.0,1073.0,,,,,,,,,,,,,
814,862.0,1240.0,1262.0,,,,,,,,,,,,,
815,665.0,896.0,480.0,,,,,,,,,,,,,
816,880.0,1042.0,1263.0,,,,,,,,,,,,,
817,1051.0,1173.0,1301.0,,,,,,,,,,,,,
818,386.0,550.0,1222.0,,,,,,,,,,,,,
819,572.0,969.0,1248.0,,,,,,,,,,,,,
820,1170.0,1254.0,1298.0,,,,,,,,,,,,,
821,285.0,942.0,1287.0,,,,,,,,,,,,,
822,19.0,39.0,334.0,1037.0,,,,,,,,,,,,
823,44.0,609.0,686.0,1188.0,,,,,,,,,,,,
824,59.0,451.0,473.0,1142.0,,,,,,,,,,,,
825,94.0,789.0,924.0,1246.0,,,,,,,,,,,,
826,155.0,198.0,509.0,913.0,,,,,,,,,,,,
827,184.0,619.0,1070.0,1218.0,,,,,,,,,,,,
828,256.0,860.0,1053.0,1175.0,,,,,,,,,,,,
829,320.0,830.0,1088.0,1134.0,,,,,,,,,,,,
830,163.0,395.0,11.0,1009.0,,,,,,,,,,,,
831,449.0,470.0,645.0,859.0,,,,,,,,,,,,
832,472.0,535.0,929.0,1202.0,,,,,,,,,,,,
833,477.0,727.0,923.0,1211.0,,,,,,,,,,,,
834,427.0,547.0,1220.0,544.0,,,,,,,,,,,,
835,616.0,755.0,1245.0,1277.0,,,,,,,,,,,,
836,428.0,706.0,1078.0,1194.0,,,,,,,,,,,,
837,821.0,984.0,1200.0,672.0,,,,,,,,,,,,
838,581.0,601.0,1133.0,218.0,,,,,,,,,,,,
839,566.0,901.0,1039.0,1079.0,,,,,,,,,,,,
840,166.0,329.0,549.0,934.0,,,,,,,,,,,,
841,346.0,671.0,685.0,1067.0,,,,,,,,,,,,
842,560.0,1152.0,1274.0,539.0,,,,,,,,,,,,
843,519.0,855.0,1082.0,250.0,,,,,,,,,,,,
844,391.0,436.0,764.0,803.0,,,,,,,,,,,,
845,298.0,306.0,499.0,1198.0,1033.0,,,,,,,,,,,
846,312.0,743.0,916.0,956.0,1034.0,,,,,,,,,,,
847,141.0,368.0,599.0,853.0,972.0,,,,,,,,,,,
848,804.0,996.0,1008.0,1025.0,1224.0,,,,,,,,,,,
849,119.0,300.0,1076.0,545.0,1131.0,,,,,,,,,,,
850,66.0,710.0,621.0,831.0,1117.0,,,,,,,,,,,
851,177.0,230.0,410.0,486.0,1024.0,,,,,,,,,,,
852,624.0,705.0,861.0,1160.0,1201.0,,,,,,,,,,,
853,206.0,252.0,268.0,1251.0,606.0,,,,,,,,,,,
854,9.0,173.0,303.0,598.0,720.0,870.0,,,,,,,,,,
855,17.0,172.0,279.0,788.0,886.0,947.0,,,,,,,,,,
856,28.0,89.0,342.0,439.0,945.0,961.0,,,,,,,,,,
857,51.0,165.0,267.0,639.0,687.0,825.0,,,,,,,,,,
858,86.0,105.0,207.0,380.0,393.0,877.0,,,,,,,,,,
859,8.0,25.0,375.0,226.0,568.0,1281.0,,,,,,,,,,
860,2.0,551.0,582.0,699.0,1126.0,992.0,1069.0,,,,,,,,,
861,60.0,72.0,387.0,481.0,679.0,684.0,1031.0,1032.0,,,,,,,,
862,353.0,533.0,579.0,774.0,1141.0,1229.0,1258.0,977.0,,,,,,,,
863,64.0,168.0,361.0,635.0,643.0,820.0,479.0,1087.0,1115.0,,,,,,,
864,408.0,438.0,507.0,832.0,530.0,775.0,944.0,1121.0,531.0,1095.0,,,,,,
865,784.0,889.0,87.0,148.0,437.0,737.0,1059.0,1181.0,925.0,1136.0,,,,,,
866,160.0,181.0,202.0,325.0,793.0,847.0,864.0,1080.0,1234.0,1252.0,1257.0,,,,,
867,26.0,104.0,183.0,234.0,262.0,396.0,806.0,1046.0,1066.0,1118.0,1191.0,1271.0,,,,
868,14.0,69.0,120.0,147.0,542.0,543.0,424.0,611.0,617.0,1093.0,814.0,851.0,982.0,1106.0,1212.0,1064.0
